{"cameraMode":{"drawMode":0,"name":"Shaded","section":"Shading Mode"},"sceneLighting":false,"audioPlay":false,"sceneViewState":{"m_AlwaysRefresh":false,"showFog":true,"showSkybox":false,"showFlares":true,"showImageEffects":true,"showParticleSystems":true,"showVisualEffectGraphs":true,"m_FxEnabled":true},"in2DMode":false,"pivot":{"x":0.17348650097846986,"y":-0.011201510205864907,"z":-1.0558615922927857},"rotation":{"x":0.02384033426642418,"y":-0.11431892961263657,"z":0.002744522178545594,"w":0.9931567311286926},"size":0.9890573620796204,"orthographic":true}