{"cameraMode":{"drawMode":0,"name":"Shaded","section":"Shading Mode"},"sceneLighting":false,"audioPlay":false,"sceneViewState":{"m_AlwaysRefresh":false,"showFog":true,"showSkybox":false,"showFlares":true,"showImageEffects":true,"showParticleSystems":true,"showVisualEffectGraphs":true,"m_FxEnabled":true},"in2DMode":false,"pivot":{"x":0.18499994277954102,"y":-0.0005484223365783691,"z":0.06887063384056092},"rotation":{"x":-7.838850990538049e-8,"y":0.004499036818742752,"z":4.1306185494249805e-7,"w":1.000005841255188},"size":2.7181851863861086,"orthographic":true}